search_term,name,price,stockcode,cup_price,cup_string,package_size,store
eggs,Coles Free Range Eggs 12 Pack | 700g,6.50,,,$6.50,,Coles
eggs,Coles Free Range Eggs 12 Pack | 600g,6.20,,,$6.20,,Coles
eggs,Coles Cage Free Eggs 12 Pack | 700g,5.80,,,$5.80,,Coles
eggs,Coles Jumbo Free Range Eggs 12 Pack | 800g,7.25,,,$7.25,,Coles
eggs,Coles Free Range Eggs 6 Pack | 300g,4.20,,,$4.20,,Coles
eggs,Sunny Queen Free Range Extra Large Eggs 12 Pack | 700g,8.80,,,$8.80,,Coles
eggs,Sunny Queen Free Range Large Eggs 18 Pack | 900g,11.70,,,"$11.70
Save $1.00",,Coles
eggs,Coles Cage Free Eggs 18 Pack | 900g,8.40,,,$8.40,,Coles
eggs,Pace Farm Eggs For Everyone Free Range 12 Pack | 700g,7.75,,,$7.75,,Coles
eggs,Sunny Queen Cage Free Large Eggs 18 Pack | 900g,9.00,,,"$9.00
Save $1.70",,Coles
eggs,Sunny Queen Free Range X Large Eggs 6 Pack | 350g,5.20,,,$5.20,,Coles
eggs,Good Yolk Co Cage Free Eggs 12 Pack | 700g,6.50,,,$6.50,,Coles
eggs,Sunny Queen Free Range Large Eggs 12 Pack | 600g,8.50,,,$8.50,,Coles
eggs,Coles Organic Free Range Eggs 12 Pack | 600g,10.60,,,$10.60,,Coles
eggs,Sunny Queen Free Range X-large Eggs 30 Pack | 1.75kg,17.00,,,$17.00,,Coles
eggs,Sunny Queen Organic Eggs 12 Pack | 700g,13.00,,,$13.00,,Coles
eggs,Good Yolk Co Cage Free Eggs 12 Pack | 600g,6.20,,,$6.20,,Coles
eggs,Pace Farm Eggs For Everyone Free Range 12 Pack | 800g,9.75,,,$9.75,,Coles
eggs,Sunny Queen Free Range Big Brekkie Browns Eggs 12 Pack | 820g,10.20,,,$10.20,,Coles
eggs,Pace Farm Eggs For Everyone Cage Free 12 Pack | 700g,6.50,,,$6.50,,Coles
eggs,Josh's Rainbow Free Range Eggs 12 Pack | 700g,9.30,,,$9.30,,Coles
eggs,Sunrise Free Range Eggs 12 Pack | 700g,7.40,,,$7.40,,Coles
eggs,Pace Farm Eggs For Everyone Cage Free 12 Pack | 600g,6.00,,,$6.00,,Coles
eggs,Pace Farm Eggs For Everyone Free Range 12 Pack | 600g,7.50,,,$7.50,,Coles
eggs,Yarra Valley Free Range Eggs 12 Pack | 700g,7.50,,,$7.50,,Coles
eggs,Fyfe Family Farm Free Range Eggs 12 Pack | 700g,9.30,,,$9.30,,Coles
eggs,Sunny Queen Organic Free Range Large Eggs 6 Pack | 300g,7.00,,,$7.00,,Coles
eggs,Yallamundi Farm Organic Free Range Eggs 12 Pack | 700g,14.00,,,$14.00,,Coles
eggs,Josh's Rainbow Free Range Eggs 18 Pack | 900g,11.90,,,$11.90,,Coles
eggs,Coles Cage Free Eggs 12 Pack | 800g,6.40,,,$6.40,,Coles
eggs,Mornington Peninsula Free Range 12 Pack | 700g,9.10,,,$9.10,,Coles
eggs,Mornington Peninsula Free Range 6 Pack | 330g,5.30,,,$5.30,,Coles
eggs,Mornington Peninsula Free Range Eggs 12 Pack | 800g,9.60,,,$9.60,,Coles
eggs,Josh's Rainbow Free Range Eggs 12pack | 800g,10.50,,,$10.50,,Coles
eggs,Cadbury Dairy Milk Easter Chocolate Eggs Bag | 243g,13.00,,,$13.00,,Coles
eggs,Cadbury Dairy Milk Hollow Chocolate Easter Egg | 100g,7.00,,,$7.00,,Coles
eggs,Cadbury Crunchie Hollow Chocolate Easter Egg | 110g,7.00,,,$7.00,,Coles
eggs,Coles Finest Italian Chocolate Mini Easter Eggs Pistachio Creme & Milk Chocolate | 120g,5.50,,,$5.50,,Coles
eggs,Coles Finest Sea Salt & Caramel Almond Nougat Milk Chocolate Eggs | 120g,5.50,,,$5.50,,Coles
eggs,M&Ms Crispy Chocolate Speckled Easter Egg Bag | 130g,4.90,,,"$4.90
Save $2.10",,Coles
eggs,Cadbury Caramilk Easter Chocolate Eggs Bag | 113g,7.50,,,$7.50,,Coles
eggs,Cadbury Crunchie Easter Chocolate Eggs Bag | 110g,7.50,,,$7.50,,Coles
eggs,Darrell Lea Nougat Milk Chocolate Egg | 150g,13.00,,,$13.00,,Coles
eggs,Cadbury Mini Eggs Chocolate Easter Bunny | 160g,10.00,,,$10.00,,Coles
eggs,Cadbury Selections Large Easter Chocolate Eggs Bag | 545g,17.50,,,$17.50,,Coles
eggs,Lindt Lindor Easter Assorted Chocolate Eggs Bag | 90g,7.50,,,$7.50,,Coles
eggs,Cadbury Creme Egg Chocolate Easter Gift Box | 170g,13.50,,,$13.50,,Coles
eggs,Darrell Lea Speckled Easter Eggs | 120g,7.50,,,$7.50,,Coles
full cream milk,Coles Full Cream Milk | 3L,4.65,,,$4.65,,Coles
full cream milk,Pauls Zymil Lactose Free Full Cream Milk | 2L,6.80,,,$6.80,,Coles
full cream milk,Pauls Zymil Lactose Free Full Cream Milk | 1L,3.90,,,$3.90,,Coles
full cream milk,Pauls Zymil Lactose Free Milk Full Cream | 3L,9.50,,,$9.50,,Coles
full cream milk,Coles Full Cream Milk | 2L,3.20,,,$3.20,,Coles
full cream milk,Coles Australian Full Cream Long Life Milk | 1L,1.65,,,$1.65,,Coles
full cream milk,Coles Dairy Full Cream Milk | 1L,1.65,,,$1.65,,Coles
full cream milk,Devondale Full Cream Long Life Milk | 1L,2.20,,,$2.20,,Coles
full cream milk,Pauls Farmhouse Gold Full Cream Milk | 1.5L,4.70,,,$4.70,,Coles
full cream milk,Pura Full Cream Milk | 2L,3.95,,,"$3.95
Save $0.55",,Coles
full cream milk,Devondale Full Cream Milk | 3L,5.95,,,$5.95,,Coles
full cream milk,Coles Lactose Free Long Life Full Cream Milk | 1L,2.00,,,$2.00,,Coles
full cream milk,Devondale Full Cream Milk | 2L,4.00,,,$4.00,,Coles
full cream milk,Pauls Farmhouse Gold Cream On Top Milk | 1.5L,4.70,,,$4.70,,Coles
full cream milk,a2 Milk Full Cream Milk | 1L,3.90,,,$3.90,,Coles
full cream milk,Pura Milk Full Cream | 3L,5.80,,,"$5.80
Save $0.70",,Coles
full cream milk,Devondale Uht Full Cream Multipack Milk 200ml | 6 pack,5.40,,,$5.40,,Coles
full cream milk,Coles Full Cream Milk | 600mL,1.30,,,$1.30,,Coles
full cream milk,Pura Full Cream Milk | 1L,2.90,,,$2.90,,Coles
full cream milk,Liddells Lactose Free Full Cream Milk | 1L,2.70,,,$2.70,,Coles
full cream milk,a2 Milk Full Cream Milk | 2L,6.90,,,$6.90,,Coles
full cream milk,a2 Milk Full Cream Milk | 3L,9.90,,,$9.90,,Coles
full cream milk,Geelong Full Cream Milk | 2L,4.50,,,$4.50,,Coles
full cream milk,Great Ocean Road Full Cream Milk | 3L,6.00,,,$6.00,,Coles
full cream milk,Gippsland Jersey Full Cream Milk | 2L,5.80,,,$5.80,,Coles
full cream milk,Farmhouse Gold Full Cream Milk | 750mL,3.15,,,$3.15,,Coles
full cream milk,Riverina Fresh Full Cream Milk | 2L,4.80,,,$4.80,,Coles
full cream milk,Great Ocean Road Fresh Full Cream Milk | 2L,4.70,,,$4.70,,Coles
full cream milk,Great Ocean Road Fresh Full Cream Milk | 1L,2.90,,,$2.90,,Coles
full cream milk,a2 Milk Full Cream Uht Milk | 1L,3.90,,,$3.90,,Coles
full cream milk,The Complete Dairy High Protein Full Cream Milk | 1L,3.70,,,$3.70,,Coles
full cream milk,East Coast Sustainable Organic Full Cream Milk | 2L,6.90,,,$6.90,,Coles
full cream milk,Pauls Smarter White Milk 2% Fat Full Cream Taste | 2L,4.85,,,$4.85,,Coles
full cream milk,Pauls Smarter White Milk 2% Fat Full Cream Taste Bottle | 1L,3.20,,,$3.20,,Coles
full cream milk,Australia's Own Full Cream Milk | 1L,1.80,,,$1.80,,Coles
full cream milk,a2 Milk Lactose Free Full Cream Milk | 2L,6.90,,,$6.90,,Coles
full cream milk,a2 Milk Lactose Free Full Cream Milk | 1L,3.90,,,$3.90,,Coles
full cream milk,a2 Milk Lactose Free Full Cream Milk | 3L,9.90,,,$9.90,,Coles
full cream milk,Coles Full Cream Milk Powder | 1kg,10.50,,,$10.50,,Coles
full cream milk,Australia's Own A2 Protein Full Cream Milk | 1L,2.90,,,$2.90,,Coles
white bread,Tip Top The One Bread White Sliced | 700g,4.60,,,$4.60,,Coles
white bread,Abbott's Bakery Rustic White Bread | 700g,5.20,,,$5.20,,Coles
white bread,Wonder White Bread + Vitamins & Minerals | 700g,4.60,,,$4.60,,Coles
white bread,Coles White Bread | 650g,2.50,,,$2.50,,Coles
white bread,Tip Top The One White Toast Bread | 700g,4.60,,,$4.60,,Coles
white bread,Wonder Bread + Vitamins Toast | 700g,4.60,,,$4.60,,Coles
white bread,Coles High Fibre White Sandwich Bread | 700g,3.50,,,$3.50,,Coles
white bread,Wonder Bread Wholemeal Plus Iron | 700g,4.60,,,$4.60,,Coles
white bread,Coles High Fibre Wholemeal Bread | 700g,3.50,,,$3.50,,Coles
white bread,Coles Soft White Wraps 8 Pack | 360g,2.20,,,$2.20,,Coles
white bread,Coles Soft White Toast Loaf | 650g,2.80,,,$2.80,,Coles
white bread,Coles High Fibre White Toast Bread | 700g,3.50,,,$3.50,,Coles
white bread,Tip Top The One Wholemeal Sandwich Bread | 700g,4.60,,,$4.60,,Coles
white bread,Coles Soft White Sandwich | 650g,2.80,,,$2.80,,Coles
white bread,Tip Top White Bread Rolls Hamburger | 520g,4.90,,,$4.90,,Coles
white bread,Buttercup Country Split White Bread | 450g,4.30,,,$4.30,,Coles
white bread,Tip Top White Bread Rolls Hot Dog | 450g,4.90,,,$4.90,,Coles
white bread,Wonder Mini Loaf White Sandwich Vitamin | 320g,3.60,,,$3.60,,Coles
white bread,Coles Country Loaf White | 750g,4.20,,,$4.20,,Coles
white bread,Mighty Soft White Sandwich Bread | 700g,3.90,,,$3.90,,Coles
white bread,Tip Top Super Thick Toast Soft White Bread | 700g,4.60,,,$4.60,,Coles
white bread,Mighty Soft Wholemeal Sandwich Bread | 700g,3.90,,,$3.90,,Coles
white bread,Buttercup Country Split Bread Wholemeal | 450g,4.30,,,$4.30,,Coles
white bread,Wonder 5 Star White | 680g,4.60,,,"$4.60
Save $0.30",,Coles
white bread,Coles White Sandwich Loaf | 680g,3.10,,,$3.10,,Coles
white bread,Coles White Sandwich Loaf | 800g,3.60,,,$3.60,,Coles
white bread,Mountain Bread Natural Wraps 8 Pack | 200g,4.90,,,$4.90,,Coles
white bread,Coles Wholemeal Sandwich Loaf | 800g,3.60,,,$3.60,,Coles
white bread,Coles Multigrain Sandwich Loaf | 680g,3.10,,,$3.10,,Coles
white bread,Coles Wholemeal Sandwich Loaf | 680g,3.10,,,$3.10,,Coles
white bread,Coles Bread High Fibre Multigrain | 700g,3.50,,,$3.50,,Coles
white bread,Laucke White Crusty Calico Bag Bread Mix | 10kg,20.00,,,"$20.00
Save $7.60",,Coles
white bread,Laucke White Crusty Flour Bread Mix | 2.4kg,10.90,,,$10.90,,Coles
white bread,Abbott's Bakery Light Rye Bread | 680g,5.20,,,$5.20,,Coles
white bread,Abbott's Bakery Farmhouse Wholemeal Bread | 750g,5.20,,,$5.20,,Coles
white bread,Abbott's Bakery Harvest Seeds And Grain Bread | 750g,5.20,,,$5.20,,Coles
white bread,Laucke Barossa Sour Dough Bread Mix | 2.4kg,10.90,,,$10.90,,Coles
white bread,Abbott's Bakery Lower Carb White Bread | 600g,5.80,,,$5.80,,Coles
white bread,MEB White Khobz White 5 Pack | 500g,3.60,,,$3.60,,Coles
white bread,Abbott's Bakery Gluten Free Rustic White Bread | 500g,7.90,,,$7.90,,Coles
white bread,MEB Foods Fresh Pockets White Pita | 250g,2.60,,,$2.60,,Coles
white bread,Helga's White Wraps 8 Pack | 508g,3.50,,,"$3.50
Save $2.00",,Coles
white bread,Helgas Mini White | 335g,3.80,,,"$3.80
Save $0.40",,Coles
white bread,Helgas White Loaf | 700g,5.20,,,$5.20,,Coles
white bread,Wonder Gluten Free White | 470g,6.30,,,"$6.30
Save $0.70",,Coles
white bread,Simson's Pantry Preservative Free Premium White Large Wraps 8 Pack | 528g,5.00,,,$5.00,,Coles
white bread,Coles White Large Jumbo Wraps 8 Pack | 560g,4.20,,,$4.20,,Coles
white bread,Helga's Crafted Rustic White Sourdough | 700g,5.90,,,"$5.90
Save $0.80",,Coles
chicken breast,Coles RSPCA Approved Chicken Breast Fillets Large Pack | approx. 1.4kg,15.40,,,$15.40,,Coles
chicken breast,Coles RSPCA Approved Chicken Breast Fillets Small Pack | approx. 600g,8.70,,,$8.70,,Coles
chicken breast,Coles RSPCA Approved Free Range Chicken Breast Large Pack | approx. 1.25kg,17.50,,,$17.50,,Coles
chicken breast,Lilydale Free Range Chicken Breast Fillets Bulk | approx. 1kg,15.00,,,"$15.00
Save $2.50",,Coles
chicken breast,Coles RSPCA Approved Free Range Chicken Breast Fillet Small Pack | approx. 600g,10.80,,,$10.80,,Coles
chicken breast,Coles RSPCA Approved Chicken Breast Kyiv Garlic Butter | 700g,8.00,,,$8.00,,Coles
chicken breast,Coles Shredded Roast Chicken Breast | 150g,6.50,,,$6.50,,Coles
chicken breast,Coles Frozen Chicken Breast Nuggets | 400g,4.40,,,$4.40,,Coles
chicken breast,Primo Chicken Breast Thinly Sliced | 80g,3.95,,,$3.95,,Coles
chicken breast,Coles RSPCA Approved Chicken Breast Steaks Lemon & Herb | 500g,9.50,,,$9.50,,Coles
chicken breast,Lilydale Chicken Breast Schnitzels | 400g,12.00,,,$12.00,,Coles
chicken breast,Coles Sliced Peri Peri Roast Chicken Breast | 150g,6.50,,,$6.50,,Coles
chicken breast,Moira Mac's Roasted Chicken Breast Bbq | 350g,9.00,,,$9.00,,Coles
chicken breast,Coles RSPCA Approved Chicken Breast Schnitzel Plain Crumb | 600g,9.00,,,$9.00,,Coles
chicken breast,Coles RSPCA Approved Chicken Breast Schnitzel Garlic & Herb Crumb | 600g,9.00,,,$9.00,,Coles
chicken breast,Steggles Frozen Tempura Chicken Breast Nuggets | 400g,5.80,,,$5.80,,Coles
chicken breast,Coles RSPCA Approved Chicken Breast Fillet Crumb Sage & Rosemary | 400g,10.00,,,$10.00,,Coles
chicken breast,Steggles Frozen Classic Crumb Chicken Breast Tenders | 1kg,13.50,,,$13.50,,Coles
chicken breast,Steggles Frozen Crumbed Chicken Breast Nuggets | 400g,5.80,,,$5.80,,Coles
chicken breast,Coles Made Easy Chicken Breasts Filled With Garlic & Herb Butter Topped With A Cheese Crumb | 500g,13.50,,,$13.50,,Coles
chicken breast,Coles Chicken Breast Dino Nuggets | 1kg,9.00,,,$9.00,,Coles
chicken breast,Don Chicken Breast | 160g,6.60,,,$6.60,,Coles
chicken breast,Coles Rspca Chicken Creamy Garlic Breast Kyiv | 350g,10.00,,,$10.00,,Coles
chicken breast,Coles Free Range Chicken Breast Carved Roast | 200g,8.00,,,$8.00,,Coles
chicken breast,Lilydale Chicken Breast Strips Crumbed | 400g,11.00,,,$11.00,,Coles
chicken breast,El- Amin's Halal Chicken Breast Fillets Large Pack | approx. 1.3kg,16.90,,,$16.90,,Coles
chicken breast,Coles Free Range Chicken Breast Carved Roast Lemon Pepper & Herb | 200g,8.00,,,$8.00,,Coles
chicken breast,Inglewood Farms Free Range Organic Chicken Breast Fillets Skin Off | approx. 488g,16.84,,,$16.84,,Coles
chicken breast,Moira Mac Chicken Breast Roasted | 350g,9.00,,,$9.00,,Coles
chicken breast,The Deli Chicken Breast | 150g,4.00,,,$4.00,,Coles
chicken breast,Coles Finest Prosciutto Wrapped Chicken Breast | 500g,16.00,,,$16.00,,Coles
chicken breast,Moira Mac's Smoked Chicken Breast | 300g,8.50,,,$8.50,,Coles
chicken breast,The Bare Bird Chicken Breast Fillet | 600g,13.50,,,$13.50,,Coles
chicken breast,Lilydale Free Range Chicken Breast Fillet | 600g,13.00,,,$13.00,,Coles
chicken breast,Don Deli Cuts Chicken Breast Homestyle Seasoned | 80g,3.30,,,"$3.30
Save $1.00",,Coles
chicken breast,The Deli RSPCA Approved Sliced Bbq Chicken Breast | 150g,5.00,,,$5.00,,Coles
chicken breast,Coles Finest Chicken Breast Filled With Cous Cous & Moroccan Style Butter | 500g,16.00,,,$16.00,,Coles
chicken breast,Moira Macs Pulled Chicken Breast | 150g,6.00,,,$6.00,,Coles
chicken breast,Coles Sliced Greek Inspired Roast Chicken Breast | 150g,6.50,,,$6.50,,Coles
chicken breast,Coles Finest Boneless Chicken Prosciutto Wrapped Fromager D'affinois Honey & Fig Sauce | 1Kg,25.00,,,$25.00,,Coles
chicken breast,Fettayleh Chicken Breast Supreme | 150g,5.30,,,$5.30,,Coles
chicken breast,Coles Frozen Chicken Breast Schnitzel | 400g,5.50,,,$5.50,,Coles
chicken breast,The Bare Bird Chicken Breast Steak | 500g,13.50,,,$13.50,,Coles
chicken breast,Coles RSPCA Approved Chicken Breast Schnitzel | 500g,9.00,,,$9.00,,Coles
chicken breast,Coles RSPCA Approved Chicken Breast Diced | 500g,8.00,,,$8.00,,Coles
chicken breast,Maggi Gluten Free Recipe Bases Satay Chicken | 43g,1.85,,,$1.85,,Coles
chicken breast,El-Amins Chicken Breast Small Pack | approx 1kg,15.00,,,$15.00,,Coles
chicken breast,Lilydale Free Range Chicken Breast Diced | 500g,13.00,,,$13.00,,Coles
chicken breast,Continental Kosher Butchers Chicken Breast Fillet Smoked | approx. 500g,27.00,,,$27.00,,Coles
tuna can,Coles Simply Tuna Springwater | 425g,3.30,,,$3.30,,Coles
tuna can,Sirena Tuna With Beans Edamame & Sesame Dressing | 170g,3.70,,,"$3.70
Save $1.00",,Coles
tuna can,Sirena Tuna With Beans Mexican | 170g,3.70,,,"$3.70
Save $1.00",,Coles
tuna can,Sirena Tuna With Beans Chilli Italian Style | 170g,3.70,,,"$3.70
Save $1.00",,Coles
tuna can,Coles Spicy Chilli Tuna | 95g,1.10,,,$1.10,,Coles
tuna can,My Dog Classic Loaf With Sardine Tuna & Spring Vegetables Can Wet Dog Food | 400g,3.00,,,$3.00,,Coles
tuna can,Gefen Chunk Light Tuna In Water | 170g,4.00,,,$4.00,,Coles
tuna can,Whiskas 1+ Years Wet Cat Food Tuna Can | 400g,2.70,,,$2.70,,Coles
tuna can,Dine Desire Wet Cat Food Pure Tuna Whitemeat Can 6x85g | 6 pack,12.00,,,$12.00,,Coles
tuna can,Ultimates Chicken & Tuna Dog Food | 400g,2.00,,,"$2.00
Save $0.90",,Coles
tuna can,Callipo Solid Light Tuna In Olive Oil 2 Pack | 320g,9.00,,,$9.00,,Coles
tuna can,Dagim Tuna Chunk Light In Brine Kb | 170g,3.70,,,$3.70,,Coles
tuna can,Applaws Tuna Fillet Canned Cat Food | 70g,2.40,,,$2.40,,Coles
tuna can,Applaws Cat Food Tuna & Salmon | 70g,2.40,,,$2.40,,Coles
tuna can,Applaws Tuna Fillet with Seaweed Canned Cat Food | 70g,2.40,,,$2.40,,Coles
tuna can,Sirena Tuna In Springwater | 95g,2.95,,,$2.95,,Coles
tuna can,Sirena Tuna in Springwater | 185g,3.70,,,"$3.70
Save $1.00",,Coles
tuna can,Sirena Chilli Tuna | 185g,3.70,,,"$3.70
Save $1.00",,Coles
tuna can,Sirena Tuna Paella | 170GRAM,4.30,,,$4.30,,Coles
tuna can,Sirena Original Tuna & Beans | 185g,3.70,,,"$3.70
Save $1.00",,Coles
tuna can,Sirena Tuna Chilli | 425g,7.50,,,$7.50,,Coles
tuna can,Coles Simply Tuna In Brine | 425g,3.30,,,$3.30,,Coles
tuna can,Wild Tides Tuna Springwater | 95g,1.70,,,$1.70,,Coles
tuna can,Coles Simply Tuna In Springwater | 185g,1.70,,,$1.70,,Coles
tuna can,Wild Tides Tuna Smokey | 95g,1.70,,,$1.70,,Coles
tuna can,Ultimates Indulge Responsibly Fished Tuna & Barramundi Cat Food Canned | 85g,2.00,,,$2.00,,Coles
tuna can,Sirena Tuna In Springwater | 425g,7.50,,,$7.50,,Coles
tuna can,Coles Smoke Flavour Tuna | 95g,1.10,,,$1.10,,Coles
tuna can,Coles Tuna Mexican Style | 95g,1.10,,,$1.10,,Coles
tuna can,Coles Tuna Lemon & Pepper | 95g,1.10,,,$1.10,,Coles
tuna can,Coles Tuna Tomato & Basil | 95g,1.10,,,$1.10,,Coles
tuna can,Coles Tuna Sweet Chilli | 95g,1.10,,,$1.10,,Coles
tuna can,Coles Tuna Zesty Vinaigrette | 95g,1.10,,,$1.10,,Coles
tuna can,Sirena Lite Tuna Chilli | 95g,2.95,,,$2.95,,Coles
tuna can,Sirena Tuna in Oil Italian Style | 185g,3.70,,,"$3.70
Save $1.00",,Coles
tuna can,Sirena Soy & Ginger Tuna | 95g,2.95,,,$2.95,,Coles
tuna can,Wild Tides Tuna Olive Oil | 95g,1.70,,,$1.70,,Coles
tuna can,Coles Simply Tuna In Vegetable Oil | 425g,3.30,,,$3.30,,Coles
tuna can,Coles Simply Tuna In Vegetable Oil | 185g,1.70,,,$1.70,,Coles
tuna can,Wild Tides Tuna Spicy Chilli | 95g,1.70,,,$1.70,,Coles
tuna can,Wild Tides Tuna Sweet Chilli | 95g,1.70,,,$1.70,,Coles
tuna can,Wild Tides Tuna Tomato & Basil | 95g,2.50,,,$2.50,,Coles
tuna can,Wild Tides Tuna Lemon And Pepper | 95g,1.70,,,$1.70,,Coles
tuna can,Sirena Tuna Chilli Oil | 95g,2.95,,,$2.95,,Coles
tuna can,Sirena Springwater & Lemon Tuna | 95g,2.95,,,$2.95,,Coles
tuna can,John West Chunk Style Tuna in Brine | 425g,6.30,,,$6.30,,Coles
tuna can,John West Chunk Style Tuna in Springwater | 425g,6.30,,,$6.30,,Coles
tuna can,Sirena Garlic Infused Tuna In Oil | 95g,2.95,,,$2.95,,Coles
tuna can,John West Tuna Sweet Chilli | 95g,1.45,,,"$1.45
Save $1.45",,Coles
tuna can,John West Tuna Chilli | 95g,1.45,,,"$1.45
Save $1.45",,Coles
tuna can,Sirena Limited Edition Triple Chilli Tuna | 95g,2.95,,,$2.95,,Coles
greek yogurt,Coles Greek Style Natural Yoghurt | 1kg,4.30,,,$4.30,,Coles
greek yogurt,Kellogg's High Protein Granola Honey Nut | 450g,6.30,,,"$6.30
Save $2.70",,Coles
greek yogurt,Five Am No Added Sugar Organic Yoghurt Greek Style | 700g,7.00,,,$7.00,,Coles
greek yogurt,Farmers Union Greek Style Natural Yoghurt | 1kg,6.95,,,$6.95,,Coles
greek yogurt,Farmers Union Greek Style Yoghurt Natural | 500g,4.90,,,$4.90,,Coles
greek yogurt,Jalna Greek Style Natural Yoghurt | 1kg,8.80,,,$8.80,,Coles
greek yogurt,Coles Light Greek Style Yoghurt | 1kg,4.30,,,$4.30,,Coles
greek yogurt,Farmers Union Regular Greek Yoghurt 4x160g | 640g,6.50,,,$6.50,,Coles
greek yogurt,Chobani Greek Yogurt Natural Light | 907g,7.90,,,$7.90,,Coles
greek yogurt,Farmers Union Light Greek Style Yoghurt | 1kg,6.95,,,$6.95,,Coles
greek yogurt,Tamar Valley Greek Yoghurt | 1kg,8.00,,,$8.00,,Coles
greek yogurt,Farmers Union Greek Style Yoghurt Natural | 240g,3.40,,,$3.40,,Coles
greek yogurt,Jalna Pot Set Yoghurt Natural Greek | 170g,2.00,,,$2.00,,Coles
greek yogurt,Farmers Union Greek Style Vanilla Yoghurt | 950g,6.95,,,$6.95,,Coles
greek yogurt,Jalna Dairy Yoghurt Greek Style | 2kg,13.50,,,"$13.50
Save $1.50",,Coles
greek yogurt,Farmers Union Greek Yoghurt Pouch Vanilla | 130g,2.50,,,$2.50,,Coles
greek yogurt,Farmers Union Greek Yoghurt Pouch Strawberry | 130g,2.50,,,$2.50,,Coles
greek yogurt,Chobani Greek Yogurt Natural Light | 160g,2.70,,,$2.70,,Coles
greek yogurt,Farmers Union Greek Style High Protein Yoghurt Natural | 500g,4.90,,,$4.90,,Coles
greek yogurt,Farmers Union Greek Yoghurt Pouch Mango | 130g,2.50,,,$2.50,,Coles
greek yogurt,Farmers Union Greek Style Yoghurt Pouch Natural | 130g,2.50,,,$2.50,,Coles
greek yogurt,Farmers Union Greek Yoghurt Pouch Passionfruit | 130g,2.50,,,$2.50,,Coles
greek yogurt,Chobani Greek Yogurt Natural Whole Milk | 907g,7.90,,,$7.90,,Coles
greek yogurt,Chobani Greek Yogurt Vanilla | 907g,7.90,,,$7.90,,Coles
greek yogurt,Jalna Greek Style Sweet & Creamy Yoghurt | 1kg,8.80,,,$8.80,,Coles
greek yogurt,Chobani Greek Yogurt Strawberry | 160g,2.70,,,$2.70,,Coles
greek yogurt,Jalna Sweet & Creamy Greek Yoghurt | 2kg,13.50,,,"$13.50
Save $1.50",,Coles
greek yogurt,Chobani Greek Yogurt Mango | 160g,2.70,,,$2.70,,Coles
greek yogurt,Chobani Greek Yogurt Passionfruit | 160g,2.70,,,$2.70,,Coles
greek yogurt,Chobani Greek Yogurt Vanilla | 160g,2.70,,,$2.70,,Coles
greek yogurt,Jalna Farm To Pot Organic Yoghurt Greek | 1kg,9.00,,,$9.00,,Coles
greek yogurt,Chobani Greek Yogurt Lemon | 160g,2.70,,,$2.70,,Coles
greek yogurt,Chobani Greek Yogurt Raspberry | 160g,2.70,,,$2.70,,Coles
greek yogurt,Chobani Greek Yogurt Blueberry | 160g,2.70,,,$2.70,,Coles
greek yogurt,Chobani Greek Yogurt Honey | 160g,2.70,,,$2.70,,Coles
greek yogurt,Jalna Greek Yoghurt Lactose Free | 170g,2.20,,,$2.20,,Coles
greek yogurt,Chobani Greek Yogurt Limited Edition | 160g,2.70,,,$2.70,,Coles
greek yogurt,Chobani No Added Sugar Greek Yogurt Strawberry | 150g,2.70,,,$2.70,,Coles
greek yogurt,Tempo Foods Greek Style Yoghurt Value Pack | 700GRAM,11.00,,,$11.00,,Coles
greek yogurt,Procal Authentic Greek Yoghurt | 900g,7.00,,,$7.00,,Coles
greek yogurt,Chobani No Added Sugar Greek Yogurt Strawberry | 680g,6.80,,,$6.80,,Coles
greek yogurt,Coles Perform High Protein Greek Yoghurt | 900g,6.20,,,$6.20,,Coles
greek yogurt,Nature Valley Protein Bar Peanut & Chocolate | 160g,2.70,,,"$2.70
Save $2.70",,Coles
greek yogurt,Farmers Union Greek Style Yogurt | 2Kg,12.50,,,$12.50,,Coles
greek yogurt,Tamar Valley Greek Style Yoghurt | 500g,4.60,,,$4.60,,Coles
greek yogurt,Chobani No Sugar Added Greek Yogurt Blueberry | 680g,6.80,,,$6.80,,Coles
greek yogurt,Chobani No Added Sugar Yogurt Vanilla | 150g,2.70,,,$2.70,,Coles
greek yogurt,Carman's Greek Yoghurt & Berry Protein Bars | 200g,5.70,,,"$5.70
Save $2.80",,Coles
greek yogurt,Easiyo Greek Style Unsweetened Yoghurt | 170g,6.00,,,$6.00,,Coles
greek yogurt,Chobani Fit High Protein Greek Yogurt Strawberry | 160g,3.00,,,$3.00,,Coles
greek yogurt,Chobani Fit High Protein Greek Yogurt Passionfruit | 160g,3.00,,,$3.00,,Coles
cheddar cheese,Coles Cheese Shredded Tasty | 700g,9.50,,,$9.50,,Coles
cheddar cheese,Mersey Valley Club Original Cheddar Cheese | 235g,9.90,,,$9.90,,Coles
cheddar cheese,The Organic Milk Co Organic High Protein Cheddar Block | 250g,7.00,,,$7.00,,Coles
cheddar cheese,Cracker Barrel Extra Sharp Cheese Block | 250g,7.00,,,"$7.00
Save $2.20",,Coles
cheddar cheese,Cracker Barrel Extra Sharp Cheese Block | 500g,11.00,,,$11.00,,Coles
cheddar cheese,Mersey Valley Club Classic Cheddar Cheese | 235g,9.90,,,$9.90,,Coles
cheddar cheese,Mersey Valley Club Dairy Original Vintage Cheddar Cheese | 180g,6.20,,,"$6.20
Save $2.50",,Coles
cheddar cheese,Mersey Valley Club Vintage Dairy Extra Tasty Cheddar Cheese | 180g,6.20,,,"$6.20
Save $2.50",,Coles
cheddar cheese,Cracker Barrel Special Reserve Cheese Block | 250g,7.00,,,"$7.00
Save $2.20",,Coles
cheddar cheese,Castello Cheddar Cheese | 200g,8.80,,,$8.80,,Coles
cheddar cheese,Coles Simply Cheddar Cheese Block | 1Kg,9.30,,,$9.30,,Coles
cheddar cheese,Coles Dairy Shredded Tasty Cheese | 250g,5.50,,,$5.50,,Coles
cheddar cheese,Coles Cheese Shredded Tasty Light | 700g,9.50,,,$9.50,,Coles
cheddar cheese,Bega Cheddar Cheese Block | 500g,7.90,,,$7.90,,Coles
cheddar cheese,Bega Cheddar Cheese Block | 250g,5.00,,,$5.00,,Coles
cheddar cheese,Coles Finest Vintage British Cheddar | 200g,5.00,,,$5.00,,Coles
cheddar cheese,Mainland Extra Tasty Cheddar Cheese Block | 500g,11.00,,,$11.00,,Coles
cheddar cheese,The Organic Milk Co Organic Cheddar Block | 400g,8.00,,,$8.00,,Coles
cheddar cheese,Tempo Shredded Cheddar Cheese | 250g,7.90,,,$7.90,,Coles
cheddar cheese,Tempo Mild Cheddar Cheese Block | 1kg,28.00,,,$28.00,,Coles
cheddar cheese,Tempo Dairy Cheese Mild Cheddar | 250g,9.00,,,$9.00,,Coles
cheddar cheese,Tempo Reduced Fat Cheddar Cheese Block | 250g,7.90,,,$7.90,,Coles
cheddar cheese,Tempo Reduced Fat Cheddar Cheese Block | 1kg,29.00,,,$29.00,,Coles
cheddar cheese,Coles Organic Cheddar Shredded | 500g,10.50,,,$10.50,,Coles
cheddar cheese,The Organic Milk Co. Organic Shredded Cheddar | 250g,5.00,,,"$5.00
Save $1.50",,Coles
cheddar cheese,The Organic Milk Co Organic High Protein Cheddar Shred | 250g,7.00,,,$7.00,,Coles
cheddar cheese,Devondale Tasty Shredded Cheese | 750g,13.50,,,$13.50,,Coles
cheddar cheese,Bega Cheese Tasty Grated | 500g,9.50,,,$9.50,,Coles
cheddar cheese,Universal Shredded Tasty Cheese | 2Kg,27.00,,,$27.00,,Coles
cheddar cheese,Devondale Colby Cheese Shredded | 750g,13.50,,,$13.50,,Coles
cheddar cheese,Bega Cheese Grated Tasty | 250g,7.50,,,$7.50,,Coles
cheddar cheese,Bega Cheese Tasty Protein Grated | 250g,7.50,,,$7.50,,Coles
cheddar cheese,Brownes Dairy Matured Cheddar Cheese | 400g,9.90,,,$9.90,,Coles
cheddar cheese,Bio Shredded Cheddar Cheese | 200g,9.00,,,$9.00,,Coles
cheddar cheese,Bega Cheese Cheddar Slices | 250g,5.40,,,$5.40,,Coles
cheddar cheese,Bio Cheddar Cheese Slices | 200g,7.50,,,$7.50,,Coles
cheddar cheese,Cobs Gluten Free Popcorn Cheddar Cheese | 100g,3.50,,,$3.50,,Coles
cheddar cheese,Arnotts Shapes Light & Crispy Cheddar Cheese | 120g,2.00,,,"$2.00
Save $2.00",,Coles
cheddar cheese,The Good Crisp Co Potato Crisps Cheddar Cheese | 160g,4.50,,,$4.50,,Coles
cheddar cheese,Coles Chicken Burgers Zucchini & Cheddar Cheese | 450g,8.50,,,$8.50,,Coles
cheddar cheese,Ricos Gourmet Nacho Cheddar Cheese Sauce | 425g,8.00,,,$8.00,,Coles
cheddar cheese,Westminster Cheese Smoked English Cheddar | 150 GRAM,8.00,,,$8.00,,Coles
cheddar cheese,Westminster Cheese Chilli & Lime Cheddar | 150 GRAM,8.00,,,$8.00,,Coles
cheddar cheese,Lord Of The Fries Mac & Cheese Classic Cheddar | 150g,5.00,,,$5.00,,Coles
cheddar cheese,Ashgrove Bush Pepper Cheddar Cheese | 140g,6.75,,,"$6.75
Save $1.00",,Coles
cheddar cheese,Table Of Plenty Multipack Popped Rice Cakes Cheddar Cheese 6 Pack | 90g,3.00,,,"$3.00
Save $3.00",,Coles
cheddar cheese,Mersey Valley Club Ploughman's Cheddar Cheese | 235g,9.90,,,$9.90,,Coles
cheddar cheese,Uncle Tobys Le Snak Cheese Dip And Crackers Cheddar Kids Lunchbox Snack | 132g,6.70,,,$6.70,,Coles
cheddar cheese,Mersey Valley Club Pickled Onion Cheddar Cheese | 235g,9.90,,,$9.90,,Coles
cheddar cheese,Pyengana Traditional Cheddar | 150g,13.50,,,$13.50,,Coles
cheddar cheese,Black Jack Cheddar Spaccato | approx. 200g,4.00,,,$4.00,,Coles
white rice,Coles Long Grain White Microwave Rice | 250g,1.80,,,$1.80,,Coles
white rice,Sunrice Microwave Long Grain White Rice Cup 2x125g | 250g,2.10,,,"$2.10
Save $1.40",,Coles
white rice,Sunrice Australian Medium Grain White Rice | 5kg,19.00,,,$19.00,,Coles
white rice,Sunrice Premium Long Grain Rice | 2kg,5.30,,,$5.30,,Coles
white rice,Sunrice Australian Medium Grain White | 1kg,3.15,,,"$3.15
Save $1.35",,Coles
white rice,Coles White Rice | 1kg,3.00,,,$3.00,,Coles
white rice,Sunrice Low GI White Rice | 1kg,4.60,,,$4.60,,Coles
white rice,Sunrice Jasmine White Rice | 5kg,27.00,,,$27.00,,Coles
white rice,Sunrice Australian Medium Grain White Rice | 2kg,8.60,,,$8.60,,Coles
white rice,Coles Cheese White Rice Crackers | 100g,1.00,,,$1.00,,Coles
white rice,Coles BBQ Rice Crackers | 100g,1.00,,,$1.00,,Coles
white rice,Coles Seaweed Rice Crackers | 100g,1.00,,,$1.00,,Coles
white rice,Coles Plain Rice Crackers | 100g,1.00,,,$1.00,,Coles
pasta,Coles Durum Wheat Pasta Large Spirals | 500g,1.00,,,$1.00,,Coles
pasta,Continental Pasta & Sauce Family Bacon Carbonara | 145g,3.80,,,$3.80,,Coles
pasta,Continental Alfredo Family Pasta And Sauce | 145g,3.80,,,$3.80,,Coles
pasta,Latina Fresh Kids Dairy Mini Ravioli Pasta Beef & Vegetable | 200g,5.00,,,"$5.00
Save $1.00",,Coles
pasta,Continental Alfredo With Garlic & Herb Family Pasta & Sauce | 145g,3.80,,,$3.80,,Coles
pasta,Continental Pasta & Sauce Family Sour Cream Chives | 145g,3.80,,,$3.80,,Coles
pasta,Latina Fresh Kids Dairy Mini Ravioli Pasta Cheese & Vegetable | 200g,5.00,,,"$5.00
Save $1.00",,Coles
pasta,Latina Tomato & Garlic Pasta Sauce | 250g,4.40,,,"$4.40
Save $1.10",,Coles
pasta,Continental Cup A Pasta Macaroni & Cheese | 53g,2.00,,,$2.00,,Coles
pasta,Coles Simply Pasta Spirals | 500g,0.90,,,$0.90,,Coles
pasta,Coles Simply Pasta Penne | 500g,0.90,,,$0.90,,Coles
pasta,Coles Simply Pasta Spaghetti | 500g,0.90,,,$0.90,,Coles
pasta,Coles Durum Wheat Pasta Spaghetti | 500g,1.00,,,$1.00,,Coles
pasta,Coles Durum Wheat Pasta Penne Rigate | 500g,1.00,,,$1.00,,Coles
pasta,San Remo Spaghetti No 5 | 500g,2.50,,,$2.50,,Coles
pasta,Zafarelli Fusilli Pasta No 17 | 500g,2.00,,,$2.00,,Coles
pasta,Coles Durum Wheat Pasta Shells Large | 500g,1.00,,,$1.00,,Coles
pasta,Coles Durum Wheat Pasta Macaroni | 500g,1.00,,,$1.00,,Coles
pasta,Coles Durum Wheat Pasta Fettuccine | 500g,1.00,,,$1.00,,Coles
pasta,Cucina Matese Fusilli No.114 Italian Pasta | 500g,2.80,,,$2.80,,Coles
pasta,Coles Durum Wheat Pasta Rigatoni | 500g,1.00,,,$1.00,,Coles
pasta,San Remo Penne Rigati Pasta No 18 | 500g,2.50,,,$2.50,,Coles
pasta,San Remo Trivelle Spirals No 17 | 500g,2.50,,,$2.50,,Coles
pasta,Zafarelli Pennette Rigate No18 Pasta | 500g,2.00,,,$2.00,,Coles
pasta,San Remo Large Pasta Spirals No 53 | 500g,2.50,,,$2.50,,Coles
pasta,Coles Durum Wheat Pasta Bowties | 500g,1.00,,,$1.00,,Coles
pasta,Cucina Matese Rigatoni No.117 Italian Pasta | 500g,2.80,,,$2.80,,Coles
pasta,Zafarelli Lisio Piccolo Pasta No 40 | 500g,2.00,,,$2.00,,Coles
pasta,Barilla Pasta Penne Rigate | 500g,3.00,,,"$3.00
Save $0.50",,Coles
pasta,Barilla Pasta Fusilli | 500g,3.00,,,"$3.00
Save $0.50",,Coles
pasta,Coles Kitchen Pasta Salad | 250g,4.00,,,$4.00,,Coles
pasta,Dr. Oetker Frozen Ristorante Pepperoni Pizza | 310g,9.50,,,$9.50,,Coles
pasta,Zafarelli Pasta Spaghetti No 4 | 500g,2.00,,,$2.00,,Coles
pasta,McCain Cheese & Bacon Pizza Slices 2 Pack | 600g,9.80,,,$9.80,,Coles
pasta,Cucina Matese Spaghetti No.113 Italian Pasta | 500g,2.80,,,$2.80,,Coles
pasta,McCain Meat Lovers Pizza Slices 2 Pack | 600g,9.80,,,$9.80,,Coles
pasta,Coles Beef Lasagne | 1.8kg,12.50,,,$12.50,,Coles
pasta,Barilla Pasta Spaghetti No 5 | 500g,3.00,,,"$3.00
Save $0.50",,Coles
pasta,Latina Fresh Beef Ravioli Pasta 4 Serve | 625g,11.00,,,$11.00,,Coles
pasta,Ready Chef Beef Lasagne | 1.9kg,16.50,,,$16.50,,Coles
pasta,Cucina Matese Penne Rigate No.118 Italian Pasta | 500g,2.80,,,$2.80,,Coles
pasta,Latina Fresh Lasagne Sheets 8 Pack | 375g,6.00,,,$6.00,,Coles
pasta,Coles Kitchen Beef Ravioli Pasta | 600g,6.00,,,$6.00,,Coles
pasta,San Remo Pasta Instant Spaghetti | 500g,2.50,,,$2.50,,Coles
pasta,San Remo Plain Fettuccine Pasta | 500g,2.50,,,$2.50,,Coles
pasta,Cucina Matese Pasta Fettuccine | 500g,2.80,,,$2.80,,Coles
pasta,Latina Fresh Beef Ravioli Pasta | 375g,5.60,,,"$5.60
Save $2.40",,Coles
pasta,San Remo Pasta Thin Spaghetti | 500g,2.50,,,$2.50,,Coles
pasta,Dr. Oetker Frozen Ristorante Spinaci (Spinach) Pizza | 390g,9.50,,,$9.50,,Coles
pasta,San Remo Linguine Pasta No 1 | 500g,2.50,,,$2.50,,Coles
pasta,Zafarelli Spirali Pasta No 56 | 500g,2.00,,,$2.00,,Coles
pasta,Zafarelli Pasta Spaghettini No 3 | 500g,2.00,,,$2.00,,Coles
pasta,Barilla Pasta Risoni | 500g,3.00,,,"$3.00
Save $0.50",,Coles
pasta,San Remo Tubular Spaghetti No 6 | 500g,2.50,,,$2.50,,Coles
pasta,Coles Kitchen Pasta Agnolotti Ricotta | 600g,6.00,,,$6.00,,Coles
rolled oats,Coles Oats Rolled | 900g,1.95,,,$1.95,,Coles
rolled oats,Red Tractor Australian Rolled Oats | 1kg,5.00,,,"$5.00
Save $1.00",,Coles
rolled oats,Red Tractor Organic Rolled Oats | 1kg,7.00,,,"$7.00
Save $1.00",,Coles
rolled oats,Uncle Tobys Porridge Oats Quick | 1kg,6.50,,,$6.50,,Coles
rolled oats,Uncle Tobys Porridge Oats Original | 1kg,6.50,,,$6.50,,Coles
rolled oats,Uncle Tobys Oats Quick Sachets Breakfast Cereal Creamy Honey | 700g,10.00,,,$10.00,,Coles
rolled oats,Uncle Tobys Oats Quick Sachets Berry Variety | 350g,7.00,,,$7.00,,Coles
rolled oats,Coles Rolled Oats Value Pack | 1.8 kg,3.50,,,$3.50,,Coles
rolled oats,Coles Quick Oats | 900g,1.95,,,$1.95,,Coles
rolled oats,Coles Organic Rolled Oats | 500g,3.00,,,$3.00,,Coles
rolled oats,Uncle Tobys Traditional Rolled Oats | 500g,4.50,,,$4.50,,Coles
rolled oats,Coles Quick Oats | 1.8kg,3.50,,,$3.50,,Coles
rolled oats,Coles Organic Quick Oats | 500g,3.00,,,$3.00,,Coles
rolled oats,Red Tractor Wheat Free Rolled Oats | 600g,6.30,,,"$6.30
Save $0.70",,Coles
rolled oats,Uncle Tobys Quick Oats Porridge | 500g,4.50,,,$4.50,,Coles
rolled oats,Coles Quick Oats Honey Flavoured Sachets 12 Pack | 420g,3.70,,,$3.70,,Coles
rolled oats,Uncle Tobys Oats Quick Sachets Milo | 280g,3.50,,,"$3.50
Save $3.50",,Coles
rolled oats,Bellamy's Organic Porridge Baby Cereal | 125g,3.95,,,$3.95,,Coles
rolled oats,Paleo Pure Power Porridge Sugar Free | 300g,15.00,,,$15.00,,Coles
rolled oats,Uncle Tobys Oats Quick Sachets Breakfast Cereal Original Big Bowl | 368g,5.50,,,"$5.50
Save $1.50",,Coles
rolled oats,Bellamy's Organic Pouch Banana Apple Porridge | 120g,2.30,,,$2.30,,Coles
rolled oats,Paleo Pure Power Porridge Berries And Cinnamon | 300g,15.00,,,$15.00,,Coles
rolled oats,Uncle Tobys Oats Quick Sachets Creamy Honey | 350g,7.00,,,$7.00,,Coles
rolled oats,Uncle Tobys Oats Quick Sachets Creamy Vanilla | 350g,7.00,,,$7.00,,Coles
rolled oats,Uncle Tobys Oats Quick Sachets Classic Variety | 350g,7.00,,,$7.00,,Coles
rolled oats,Uncle Tobys Oats Quick Sachets Protein Variety | 280g,7.00,,,$7.00,,Coles
rolled oats,Uncle Tobys Oats Quick Sachets Breakfast Cereal Original | 680g,10.00,,,$10.00,,Coles
rolled oats,Uncle Tobys Oats Quick Sachets Brown Sugar & Cinnamon | 350g,7.00,,,$7.00,,Coles
rolled oats,Uncle Tobys Sachets Oats Quick 10 Pack | 340g,7.00,,,$7.00,,Coles
rolled oats,Uncle Tobys Oats Quick Sachets Berry Protein Big Bowl | 368g,5.50,,,"$5.50
Save $1.50",,Coles
rolled oats,Uncle Tobys Oats Quick Sachets Big Bowl Vanilla Protein | 368g,5.50,,,"$5.50
Save $1.50",,Coles
rolled oats,Uncle Tobys Oats Quick Sachets Breakfast Cereal Hi Fibre | 320g,7.00,,,$7.00,,Coles
rolled oats,Carman's Porridge Sachets Apple Sultana & Cinnamon 8 Pack | 320g,7.50,,,$7.50,,Coles
rolled oats,Carman's Porridge Sachets Super Berry & Coconut 8 Pack | 320g,7.50,,,$7.50,,Coles
rolled oats,Carman's Oat Cups Protein Porridge Creamy Honey 2 Pack | 100g,6.50,,,$6.50,,Coles
rolled oats,Carman's Porridge Sachets Honey Vanilla & Cinnamon 8 Pack | 320g,7.50,,,$7.50,,Coles
rolled oats,Uncle Tobys Oats Quick Sachets Breakfast Cereal Creamy Honey Big Bowl | 368g,5.50,,,"$5.50
Save $1.50",,Coles
rolled oats,Carman's Porridge Sachets Protein Rich Almond Vanilla & Cinnamon 6 Pack | 270g,7.50,,,$7.50,,Coles
rolled oats,Carman's Porridge Sachets Natural 5 Grain & Super Seed 8 Pack | 320g,7.50,,,$7.50,,Coles
rolled oats,Rafferty's Garden Banana Pear & Mango Porridge Baby Food Pouch 6+ Months | 120g,2.30,,,$2.30,,Coles
rolled oats,Rafferty's Garden Apple Pear & Cinnamon Porridge Baby Food Pouch 6+ Months | 120g,2.30,,,$2.30,,Coles
rolled oats,Farex Creamy Baby Porridge With Apple Juice Baby Food Pouch 6+ Months | 120g,1.80,,,$1.80,,Coles
rolled oats,Coles Kitchen Honey Porridge High Protein | 260g,4.00,,,$4.00,,Coles
rolled oats,Bokomo Pro Nutro Original Instant Porridge Cereal | 500g,8.00,,,$8.00,,Coles
wraps,Coles Soft White Wraps 8 Pack | 360g,2.20,,,$2.20,,Coles
wraps,Bfree Low Carb High Protein Wraps | 210g,7.40,,,"$7.40
Save $1.00",,Coles
wraps,Bfree Sweet Potato Wraps | 210g,8.40,,,$8.40,,Coles
wraps,Mission Original Wraps 8 Pack | 567g,5.50,,,$5.50,,Coles
wraps,Coles Wholemeal & Grain Soft Wraps 8 Pack | 360g,2.20,,,$2.20,,Coles
wraps,Helga's White Wraps 8 Pack | 508g,3.50,,,"$3.50
Save $2.00",,Coles
wraps,Coles White Large Jumbo Wraps 8 Pack | 560g,4.20,,,$4.20,,Coles
wraps,Mission Spinach & Herb Wraps 8 Pack | 567g,5.50,,,$5.50,,Coles
wraps,Mission Wholegrain Wraps 8 Pack | 567g,5.50,,,$5.50,,Coles
wraps,Helga's Wholemeal Wraps 8 Pack | 508g,3.50,,,"$3.50
Save $2.00",,Coles
wraps,Mission Original  Mini Wraps 8 Pack | 384g,5.00,,,$5.00,,Coles
wraps,Helga's Mixed Grain Wraps 8 Pack | 508g,3.50,,,"$3.50
Save $2.00",,Coles
wraps,Mission Roasted Garlic Wraps 8 Pack | 567g,5.50,,,$5.50,,Coles
wraps,Helga's Spinach & Garden Herb Wraps 7 Pack | 445g,3.50,,,"$3.50
Save $2.00",,Coles
wraps,Coles Resealable Sandwich Bags | 50 pack,2.20,,,$2.20,,Coles
wraps,Simson's Pantry Low Carb High Protein + Fibre 6 Pack | 420g,6.50,,,$6.50,,Coles
wraps,Coles Burrito Tortilla Wraps 10 Pack | 400g,3.65,,,$3.65,,Coles
wraps,Mission Lite Wrap 8 Pack | 567g,5.50,,,$5.50,,Coles
wraps,Mission Soft & Fluffy Wrap 12 Pack | 450g,4.50,,,$4.50,,Coles
wraps,Simson's Pantry Low Carb High Protein 5 Pack | 225g,5.50,,,$5.50,,Coles
wraps,Simson's Pantry Preservative Free Mixed Wholegrain Large Wraps 8 Pack | 528g,5.00,,,$5.00,,Coles
wraps,Simson's Pantry Preservative Free Premium White Large Wraps 8 Pack | 528g,5.00,,,$5.00,,Coles
wraps,Coles Street Tortilla Wraps 10 Pack | 280g,3.75,,,$3.75,,Coles
wraps,Mission Wraps Low Gi Wholemeal 6 Pack | 425g,5.50,,,$5.50,,Coles
wraps,Coles Turkish Rolls 4 pack | 400g,2.60,,,$2.60,,Coles
wraps,Coles Simply Sandwich Slices 24 Pack | 500g,4.40,,,$4.40,,Coles
wraps,Coles Simply Smokey Flavoured Sandwich Slices 12 Pack | 250g,3.80,,,$3.80,,Coles
wraps,Coles Small Resealable Storage Bags | 50 pack,1.50,,,$1.50,,Coles
wraps,Coles Dairy Cheese Camembert Wrapped | 125g,3.00,,,$3.00,,Coles
wraps,Coles Medium Resealable Storage Bags | 30 pack,2.80,,,$2.80,,Coles
wraps,Hercules Clickzip Sandwich Bags 18cm x 16.5cm | 40 pack,2.35,,,$2.35,,Coles
wraps,Coles Large Resealable Storage Bags | 20 pack,2.40,,,$2.40,,Coles
wraps,Mission Souvlaki Bread | 320g,4.50,,,$4.50,,Coles
wraps,Coles Simply Cling Wrap | 60 metre,1.50,,,$1.50,,Coles
wraps,Coles Bags Freezer Large | 40 pack,0.80,,,$0.80,,Coles
wraps,Glad Cling Wrap | 30m,3.25,,,$3.25,,Coles
wraps,Mission Salt Reduced Wraps 8 pack | 567g,5.50,,,$5.50,,Coles
wraps,Glad Cling Wrap | 60m,4.50,,,"$4.50
Save $0.75",,Coles
wraps,Mountain Bread Rye Wraps 8 Pack | 200g,4.90,,,$4.90,,Coles
wraps,Glad Cling Wrap | 100m,6.30,,,$6.30,,Coles
wraps,Coles Jumbo Tortilla Wraps 6 Pack | 545g,4.70,,,$4.70,,Coles
wraps,Hercules Clickzip Snack Bags Small 15cm x 10cm | 40 pack,2.35,,,$2.35,,Coles
wraps,Coles Brown Paper Lunch Bags | 100 Pack,4.00,,,$4.00,,Coles
wraps,Mission Pita Pocket Original | 420g,4.40,,,$4.40,,Coles
wraps,Mountain Bread Natural Wraps 8 Pack | 200g,4.90,,,$4.90,,Coles
wraps,MEB Foods Pockets Wholemeal Pita | 250g,2.60,,,$2.60,,Coles
wraps,Mission Whole Wheat Mini Wraps 8 Pack | 384g,5.00,,,$5.00,,Coles
wraps,Simson's Pantry Low Carb Garlic & Herb + Protein | 420g,6.50,,,$6.50,,Coles
wraps,Simson's Pantry Low Carb Keto 5 Pack | 200g,6.00,,,$6.00,,Coles
wraps,Simson's Pantry Low Carb Mini 6 Pack | 156g,5.00,,,$5.00,,Coles
olive oil,La Espanola Extra Virgin Olive Oil | 1L,26.00,,,$26.00,,Coles
olive oil,Cobram Ultra Premium Picual Extra Virgin Olive Oil | 500mL,20.00,,,"$20.00
Save $5.00",,Coles
olive oil,Cobram Estate Ultra Premium Coratina Extra Virgin Olive Oil | 500mL,20.00,,,"$20.00
Save $5.00",,Coles
olive oil,Cobram Estate Ultra Premium Hojiblanca Extra Virgin Olive Oil | 500mL,20.00,,,"$20.00
Save $5.00",,Coles
olive oil,La Espanola Extra Virgin Olive Oil | 500mL,16.00,,,$16.00,,Coles
olive oil,Coles Extra Virgin Olive Oil | 1L,14.00,,,$14.00,,Coles
olive oil,La Espanola Mild & Light Olive Oil | 1L,26.00,,,$26.00,,Coles
olive oil,Red Island Extra Virgin Olive Oil | 1L,20.00,,,"$20.00
Save $5.00",,Coles
olive oil,Coles Extra Virgin Olive Oil | 500mL,9.00,,,$9.00,,Coles
olive oil,Monini Classico Extra Virgin Olive Oil | 750mL,22.00,,,$22.00,,Coles
olive oil,Cobram Estate Extra Virgin Olive Oil Classic | 375mL,11.00,,,"$11.00
Save $2.00",,Coles
olive oil,Squeaky Gate Australian Extra Virgin Olive Oil All Rounder | 750mL,20.00,,,$20.00,,Coles
olive oil,La Espanola Olive Oil Mild Flavour | 1L,26.00,,,$26.00,,Coles
olive oil,Coles Classic Olive Oil | 1L,14.00,,,$14.00,,Coles
olive oil,Coles Classic Olive Oil | 500mL,9.00,,,$9.00,,Coles
olive oil,Cobram Estate Extra Virgin Olive Oil | 750mL,25.00,,,$25.00,,Coles
olive oil,Coles Australian Extra Virgin Olive Oil | 1L,20.00,,,$20.00,,Coles
olive oil,La Espanola Mild & Light Olive Oil | 500mL,16.00,,,$16.00,,Coles
olive oil,La Espanola Organic Extra Virgin Olive Oil | 1L,28.00,,,$28.00,,Coles
olive oil,Red Island Extra Virgin Olive Oil | 250mL,7.00,,,$7.00,,Coles
olive oil,Moro Primero Extra Virgin Olive Oil | 1L,16.00,,,"$16.00
Save $11.00",,Coles
olive oil,Monini Organic Premium Selection Extra Virgin Olive Oil | 500mL,17.50,,,$17.50,,Coles
olive oil,Red Island Extra Virgin Olive Oil | 3L,60.00,,,$60.00,,Coles
olive oil,Cobram Estate Extra Virgin Olive Oil Classic | 3L,65.00,,,$65.00,,Coles
olive oil,Cobram Estate Extra Virgin Olive Oil Light | 375mL,11.00,,,"$11.00
Save $2.00",,Coles
olive oil,Cobram Estate Light Extra Virgin Olive Oil | 750mL,25.00,,,$25.00,,Coles
olive oil,La Espanola Extra Virgin Olive Oil Spray | 200mL,6.00,,,"$6.00
Save $1.50",,Coles
olive oil,Coles Organic Extra Virgin Olive Oil | 500mL,10.00,,,$10.00,,Coles
olive oil,Cobram Estate Extra Virgin Olive Oil Light Spray | 225g,9.50,,,$9.50,,Coles
olive oil,Moro Primero Extra Virgin Olive Oil | 500mL,16.00,,,$16.00,,Coles
olive oil,Coles Extra Mild Olive Oil | 1L,14.00,,,$14.00,,Coles
olive oil,Cobram Estate Extra Virgin Olive Oil Robust | 750mL,25.00,,,$25.00,,Coles
olive oil,Always Fresh Olive Oil & Sea Salt Crustini Bruschetta Toasts | 120g,4.50,,,$4.50,,Coles
olive oil,Coles Extra Mild Olive Oil | 500mL,9.00,,,$9.00,,Coles
olive oil,Cobram Estate Garlic Infused Extra Virgin Olive Oil | 500mL,19.50,,,$19.50,,Coles
olive oil,Cobram Estate Extra Virgin Olive Oil Robust | 375mL,11.00,,,"$11.00
Save $2.00",,Coles
olive oil,Red Island Extra Virgin Olive Oil | 500mL,11.50,,,$11.50,,Coles
olive oil,Moro El Delicado Light Taste Olive Oil | 1L,16.00,,,"$16.00
Save $11.00",,Coles
olive oil,Cobram Estate Garlic Infused Extra Virgin Olive Oil | 250mL,9.90,,,$9.90,,Coles
olive oil,Moro Tradicional Olive Oil | 1L,16.00,,,"$16.00
Save $11.00",,Coles
olive oil,Moro Delicado Light Taste Olive Oil | 500mL,16.00,,,$16.00,,Coles
olive oil,La Espanola Extra Virgin Olive Oil | 3.78L,36.00,,,"$36.00
Save $4.00",,Coles
olive oil,Moro Primero Extra Virgin Olive Oil | 4L,65.00,,,$65.00,,Coles
olive oil,Cobram Estate Garlic And Onion Infused Oil | 250mL,9.90,,,$9.90,,Coles
olive oil,Cobram Estate Lemon Infused Extra Virgin Olive Oil | 250mL,9.90,,,$9.90,,Coles
olive oil,Cobram Estate Chilli Infused Extra Virgin Olive Oil | 250mL,9.90,,,$9.90,,Coles
olive oil,La Espanola Extra Virgin Olive Oil | 4L,55.00,,,$55.00,,Coles
olive oil,Moro El Tradicional Pure Olive Oil | 4L,65.00,,,$65.00,,Coles
olive oil,Moro EL Delicado Light Taste Olive Oil | 4L,65.00,,,$65.00,,Coles
olive oil,La Espanola Olive Oil | 3.78L,36.00,,,"$36.00
Save $4.00",,Coles
butter,Western Star Spreadable Blend Original Soft | 500g,7.90,,,$7.90,,Coles
butter,Western Star Spreadable Blend Supersoft | 500g,7.90,,,$7.90,,Coles
butter,Meadow Lea Original Margarine Spread | 1kg,6.65,,,$6.65,,Coles
butter,Olive Grove Classic Olive Oil Margarine Tub | 500g,6.00,,,$6.00,,Coles
butter,Western Star Spreadable Blend Reduced Salt | 500g,7.90,,,$7.90,,Coles
butter,Meadow Lea Original Margarine Spread | 500g,4.50,,,$4.50,,Coles
butter,Coco Earth Grass Fed Ghee Butter | 500mL,11.70,,,"$11.70
Save $1.30",,Coles
butter,Western Star Spreadable Butter Blend Original | 375g,6.30,,,$6.30,,Coles
butter,Coles Salted Butter | 500g,7.50,,,$7.50,,Coles
butter,Coles Simply Salted Butter | 500g,7.00,,,$7.00,,Coles
butter,Coles Simply Regular Spread | 1Kg,2.80,,,$2.80,,Coles
butter,Coles Simply Salted Butter | 250g,4.00,,,$4.00,,Coles
butter,Coles Simply Unsalted Butter | 250g,4.00,,,$4.00,,Coles
butter,Western Star Dairy Butter Pat | 250g,5.50,,,$5.50,,Coles
butter,Coles Salted Butter | 250g,4.80,,,$4.80,,Coles
butter,Coles Dairy Unsalted Butter Pat | 250g,4.80,,,$4.80,,Coles
butter,Western Star Dairy Butter | 500g,8.90,,,$8.90,,Coles
butter,Devondale Dairy Soft Dy Blend Tub Regular | 500g,6.70,,,$6.70,,Coles
butter,Lurpak Butter Spreadable Slightly Salted | 400g,8.30,,,$8.30,,Coles
butter,Mainland Butter Soft Salted Spreadable Butter | 375g,9.90,,,$9.90,,Coles
butter,Devondale Regular Butter Blend | 500g,6.70,,,$6.70,,Coles
butter,Devondale Regular Pat Butter | 250g,4.70,,,$4.70,,Coles
butter,Coles Buttery Blend Spread | 500g,4.90,,,$4.90,,Coles
butter,Devondale Butter Block Unsalted | 250g,4.70,,,$4.70,,Coles
butter,Lurpak Butter Spreadable Slightly Salted | 250g,6.50,,,$6.50,,Coles
butter,Western Star Chef's Choice Unsalted Cultured | 500g,8.90,,,$8.90,,Coles
butter,Devondale Extra Soft Butter Less Fat | 750g,9.95,,,$9.95,,Coles
butter,Coles Olive Oil Spread | 500g,3.50,,,$3.50,,Coles
butter,Coles Simply Regular Spread | 500g,2.20,,,$2.20,,Coles
butter,Nuttelex Buttery Spread | 500g,4.00,,,"$4.00
Save $1.20",,Coles
butter,Western Star Spreadable Blend Supersoft | 375g,6.30,,,$6.30,,Coles
butter,Nuttelex Original Spread | 500g,4.00,,,"$4.00
Save $1.20",,Coles
butter,Western Star Dairy Butter Unsalted Cultured | 250g,5.50,,,$5.50,,Coles
butter,Mainland Butter Soft Salt Reduced Spreadable Butter | 375g,9.90,,,$9.90,,Coles
butter,Flora ProActiv Margarine Spread Buttery | 500g,7.00,,,"$7.00
Save $3.00",,Coles
butter,Flora Margarine Spread Original | 500g,4.50,,,$4.50,,Coles
butter,Flora Proactiv Margarine Spread Original | 750g,12.00,,,$12.00,,Coles
butter,Flora Margarine Spread Original | 1kg,7.00,,,$7.00,,Coles
butter,Lurpak Butter Slightly Salted | 250g,6.50,,,"$6.50
Save $0.75",,Coles
butter,Nuttelex Olive Spread | 500g,5.80,,,$5.80,,Coles
butter,Western Star Dairy Butter Unsalted | 250g,5.50,,,$5.50,,Coles
butter,Coles Organic Salted Butter | 250g,5.20,,,$5.20,,Coles
butter,Flora Pro Activ Margarine Spread Original | 500g,7.00,,,"$7.00
Save $3.00",,Coles
butter,Flora Margarine Spread Buttery | 1kg,7.00,,,$7.00,,Coles
butter,Flora Proactiv Margarine Spread Light | 500g,7.00,,,"$7.00
Save $3.00",,Coles
butter,Flora Margarine Spread Buttery | 500g,4.50,,,$4.50,,Coles
butter,Tru-Blue Garlic Butter Spread | 150g,3.35,,,$3.35,,Coles
butter,Tablelands Reduce Cholesterol Spread | 500g,5.25,,,$5.25,,Coles
butter,Devondale Dairy Soft Salt Reduced Spreadable Butter | 500g,6.70,,,$6.70,,Coles
bananas,Coles Bananas | approx. 180g,0.88,,,$0.88,,Coles
bananas,Coles Bananas Mini Pack | 750g,4.90,,,$4.90,,Coles
bananas,Coles Banana Muffins 9 Pack | 315g,4.50,,,$4.50,,Coles
bananas,Coles Organic Banana | approx. 170g,1.10,,,$1.10,,Coles
bananas,Life Savers Bananas | 160g,2.50,,,"$2.50
Save $2.50",,Coles
bananas,Coles Squeezie Banana Yoghurt Pouch | 70g,0.80,,,$0.80,,Coles
bananas,Coles Banana Bread Slices 5 Pack | 500g,5.75,,,$5.75,,Coles
bananas,Creative Gourmet Frozen Banana Chunks | 500g,5.00,,,$5.00,,Coles
bananas,Yoplait Petit Miam Squeezie Banana Yoghurt Pouch | 70g,0.90,,,"$0.90
Save $0.30",,Coles
bananas,Coles Banana Muffin Bars 10 Pack | 420g,6.60,,,$6.60,,Coles
bananas,Coles Banana Bread | 550g,5.80,,,$5.80,,Coles
bananas,Creative Gourmet Banana Mango Pineapple | 400g,5.65,,,$5.65,,Coles
bananas,Wicked Sister High Protein Banana Pudding | 170g,3.30,,,$3.30,,Coles
bananas,Coles Banana Chips | 200g,3.40,,,$3.40,,Coles
bananas,Green's Banana Bread Loaf Mix | 400g,3.00,,,$3.00,,Coles
bananas,Vaalia Kids Yoghurt Pouch Banana | 140g,2.50,,,$2.50,,Coles
bananas,Tamar Valley Kids Greek Pouch Yoghurt Banana | 110g,2.50,,,$2.50,,Coles
bananas,Coles Reduced Sugar Banana Bread Slices | 500g,5.75,,,$5.75,,Coles
bananas,YoPro High Protein Yoghurt Pouch No Added Sugar Banana | 150g,3.20,,,$3.20,,Coles
bananas,YoPro Perform High Protein Banana Yoghurt No Added Sugar | 175g,3.90,,,$3.90,,Coles
bananas,YoPro High Protein Yoghurt No Added Sugar Banana | 160g,3.20,,,$3.20,,Coles
bananas,Noshu 95% Sugar Free Banana Bread Slices | 240g,7.50,,,$7.50,,Coles
bananas,Coles Banana Custard Pouch | 90g,1.20,,,$1.20,,Coles
bananas,Coles Bake & Create Banana Bread Mix | 450g,2.35,,,$2.35,,Coles
bananas,Oob Organic Frozen Banana | 450g,8.00,,,$8.00,,Coles
bananas,Banana Joe Hickory BBQ Banana Chips | 46.8g,4.00,,,$4.00,,Coles
bananas,Banana Joe Banana Chips Sea Salt | 46.8g,4.00,,,$4.00,,Coles
bananas,Banana Joe Thai Sweet Chili Banana Chips | 46.8g,4.00,,,$4.00,,Coles
apples,Coles Pink Lady Apples Medium | approx. 200g,1.78,,,$1.78,,Coles
apples,Coles Royal Gala Apples Loose | approx. 170g,1.34,,,$1.34,,Coles
apples,Coles Pink Lady Apples | 1kg,8.90,,,$8.90,,Coles
apples,Coles Apple Granny Smith Medium | approx. 170g,1.34,,,$1.34,,Coles
apples,Coles Apples Mini Pack | 1kg,7.50,,,$7.50,,Coles
apples,Coles Royal Gala Apples 1kg | 1 each,7.90,,,$7.90,,Coles
apples,Coles Granny Smith Apples | 1kg,7.90,,,$7.90,,Coles
apples,Coles I'm Perfect Apples Prepacked | 2kg,7.90,,,$7.90,,Coles
apples,Coles Kanzi Red Apples | approx. 200g,1.50,,,$1.50,,Coles
apples,Coles I'm Perfect Pears Prepacked | 1.5kg,5.50,,,$5.50,,Coles
apples,Coles Apple Juice | 2L,2.70,,,$2.70,,Coles
apples,Kellogg's K-time Baked Twists Raspberry & Apple Flavour Filled Snack Bars 5 Pack | 185g,5.50,,,$5.50,,Coles
apples,Coles Apple Slices In Juice | 410g,2.25,,,$2.25,,Coles
apples,Ardmona Apple Pie Slices Canned | 800g,5.50,,,$5.50,,Coles
apples,Coles Bakery Apple Fresh Cream Turnover | 1 each,5.20,,,$5.20,,Coles
apples,Coles Apple & Mango Juice | 2L,2.70,,,$2.70,,Coles
apples,Golden Circle 100% Apple Juice No Added Sugar Fruit Juice | 2L,4.80,,,$4.80,,Coles
apples,Coles Bakery Apple Crown Danish | 2 pack,3.75,,,$3.75,,Coles
apples,Coles Bakery Mini Apple Crown | 5 pack,3.50,,,$3.50,,Coles
apples,Golden Circle Tetra Drink Apple Blackcurrant 250ml | 6 Pack,3.50,,,"$3.50
Save $2.00",,Coles
apples,Coles Apple & Cinnamon Muffins 4 Pack | 420g,4.50,,,$4.50,,Coles
apples,Coles Apple & Blackcurrant Juice | 2L,2.70,,,$2.70,,Coles
apples,Golden Circle Tetra Drink Apple 250ml | 6 Pack,3.50,,,"$3.50
Save $2.00",,Coles
apples,Coles 4 Pack Snack Fruit Pie Apples | 500g,4.50,,,$4.50,,Coles
apples,Coles Apple Sauce | 375g,2.00,,,$2.00,,Coles
apples,Waterfords Sparkling Water Apple Berry | 1L,2.00,,,$2.00,,Coles
apples,Nanna's Apple Snack  Pies 4 Pack | 450g,6.50,,,$6.50,,Coles
apples,Coles Apple & Blackcurrant Fruit Drink 250ml | 6 Pack,3.15,,,$3.15,,Coles
apples,Coles Apple Fruit Drink 250ml | 6 Pack,3.15,,,$3.15,,Coles
apples,Diet Rite Apple Raspberry Cordial | 1L,3.50,,,$3.50,,Coles
apples,Coles Apple & Raspberry Fruit Drink Multipack 250ml | 6 Pack,3.15,,,$3.15,,Coles
apples,Bob Snail Fruit Roll Snack Apple Strawberry | 60g,3.50,,,"$3.50
Save $1.00",,Coles
apples,Just Juice 100% Juice Apple 200ml | 6 Pack,6.50,,,$6.50,,Coles
apples,Diet Rite Apple Blackcurrant Cordial | 1L,3.50,,,$3.50,,Coles
apples,Golden Circle Tetra Drink Apple Raspberry | 6 Pack,3.50,,,"$3.50
Save $2.00",,Coles
apples,Coles Ambrosia Apples | approx. 180g,0.81,,,$0.81,,Coles
apples,Coles Apple Juice 250ml | 6 Pack,3.30,,,$3.30,,Coles
apples,Just Juice Apple Juice | 1L,3.50,,,$3.50,,Coles
apples,Rafferty's Garden Apple & Raspberry Snack Bars With Real Fruit Baby Food Snack 12+ Months | 128g,5.50,,,$5.50,,Coles
apples,Coles Organic Royal Gala Apples | 1kg,4.50,,,$4.50,,Coles
apples,Cottees Zero Sugar Cordial Apple & Raspberry | 1L,2.60,,,"$2.60
Save $0.05",,Coles
apples,Little Bellies Softcorn Berry & Apple | 8g,2.15,,,$2.15,,Coles
apples,Little Bellies Apple & Cinnamon Baby Puffs | 12g,2.15,,,$2.15,,Coles
apples,Rafferty's Garden Blueberry Banana & Apple Snack Bars Real Fruit Baby Food 8 Pack 12+ Months | 128g,5.50,,,$5.50,,Coles
apples,Apple Grove Sparkling 750ml | 750mL,2.90,,,$2.90,,Coles
apples,Coles Organic Pink Lady Apple | 1kg,8.50,,,$8.50,,Coles
apples,Baby Mum-mum First Rice Rusk Apple & Pumpkin +6 Months | 36g,3.85,,,$3.85,,Coles
apples,True Fruit Strips Apple & Strawberry | 120g,6.00,,,$6.00,,Coles
potatoes,Coles Creme Gold Washed Potatoes Loose | approx. 150g,0.73,,,$0.73,,Coles
potatoes,Coles Potatoes Sweet Gold | approx. 500g,1.75,,,$1.75,,Coles
potatoes,Coles Potatoes Washed | 2kg,8.00,,,$8.00,,Coles
potatoes,Coles Brushed Potatoes | 2Kg,6.80,,,$6.80,,Coles
potatoes,Coles Baby Washed Potatoes | 1Kg,4.50,,,$4.50,,Coles
potatoes,Coles Red Royale Potatoes Loose | approx. 170g,0.83,,,$0.83,,Coles
potatoes,Coles Carisma Washed Potatoes | 2kg,8.00,,,$8.00,,Coles
potatoes,Coles Red Royale Washed Potatoes | 2Kg,6.00,,,$6.00,,Coles
potatoes,Coles Spud Lite Potatoes | 1.5Kg,6.50,,,$6.50,,Coles
potatoes,Coles Baby Carisma Potatoes | 1kg,4.50,,,$4.50,,Coles
potatoes,Coles Brushed Potatoes | 4Kg,9.00,,,$9.00,,Coles
potatoes,Coles Spud Lite Baby Potato | 750g,3.50,,,$3.50,,Coles
potatoes,Coles Baby Red Royale Potatoes | 1Kg,4.50,,,$4.50,,Coles
potatoes,Coles Frozen Potato Royals Oven Fry | 1kg,5.80,,,$5.80,,Coles
potatoes,McCain Frozen Hash Browns | 750g,5.80,,,$5.80,,Coles
potatoes,Coles I'm Perfect Sweet Potato | 1.5kg,3.90,,,$3.90,,Coles
potatoes,Coles Kestrel Washed Potatoes | 2Kg,7.50,,,$7.50,,Coles
potatoes,Coles Kitchen Vegetables Baby Potatoes Herb Butter | 400g,5.50,,,$5.50,,Coles
potatoes,McCain Superfries Frozen Potato Chips Shoestring | 900g,4.30,,,$4.30,,Coles
potatoes,McCain Superfries Frozen Potato Chips Crinkle Cut | 900g,4.30,,,$4.30,,Coles
potatoes,Coles Beer Battered Steakhouse Chips | 750g,4.50,,,$4.50,,Coles
potatoes,McCain Superfries Frozen Potato Chips Straight Cut | 900g,4.30,,,$4.30,,Coles
potatoes,McCain Pub Style Extra Crispy Fries | 750g,6.00,,,$6.00,,Coles
potatoes,Coles Frozen Australian Potato Chunky Wedges | 750g,4.50,,,$4.50,,Coles
potatoes,McCain Beer Batter Potato Chips Frozen Steak Cut | 750g,4.60,,,"$4.60
Save $1.20",,Coles
potatoes,Birds Eye Golden Crunch Potato Gems Bite Size Hash Brown | 900g,6.80,,,$6.80,,Coles
potatoes,McCain Pub Style Potato Wedges | 750g,6.00,,,$6.00,,Coles
potatoes,McCain Pub Style Fries | 750g,6.00,,,$6.00,,Coles
potatoes,Birds Eye Golden Crunch Crinkle Cut Chips | 900g,4.80,,,"$4.80
Save $1.20",,Coles
potatoes,Coles Frozen Sweet Potato Chips | 750g,5.00,,,$5.00,,Coles
potatoes,Coles Kitchen Potato Salad | 800g,7.00,,,$7.00,,Coles
potatoes,Birds Eye Golden Crunch Straight Cut Chips | 900g,4.80,,,"$4.80
Save $1.20",,Coles
potatoes,Coles Kitchen Potato Salad | 250g,4.00,,,$4.00,,Coles
potatoes,Coles Kitchen Creme Royale Potato Mash | 350g,5.50,,,$5.50,,Coles
potatoes,McCain Quick Cook Straight Cut | 750g,4.00,,,"$4.00
Save $0.60",,Coles
potatoes,Birds Eye Deli Sea Salt & Rosemary Seasoned Potato Chips | 600g,6.20,,,$6.20,,Coles
potatoes,Healtheries Potato Stix Chicken Multipack Kids Lunchbox Snacks 6x20g | 120g,5.00,,,$5.00,,Coles
potatoes,Coles Whole Baby Potatoes | 410g,2.00,,,$2.00,,Coles
potatoes,Guzzi's Traditional Potato Gnocchi | 500g,4.90,,,$4.90,,Coles
potatoes,Deb Instant Mashed Plain Potato | 350g,6.60,,,$6.60,,Coles
potatoes,Healtheries Potato Stix Roast Multipack Kids Lunchbox Snacks 6x20g | 120g,5.00,,,$5.00,,Coles
potatoes,Maggi Gluten Free Side Dishes Three Cheese Potato Bake | 21g,1.85,,,$1.85,,Coles
potatoes,Maggi Gluten Free Side Dishes Potato Bake Cheese And Garlic | 23g,1.85,,,$1.85,,Coles
potatoes,Coles Finest Truffled Potato Croquettes | 200g,7.00,,,$7.00,,Coles
potatoes,Maggi Gluten Free Side Dishes Potato Bake Cheese And Bacon | 21g,1.85,,,$1.85,,Coles
potatoes,Deb Instant Mashed Onion Potato | 115g,2.50,,,$2.50,,Coles
potatoes,Coles Kitchen Scalloped Potato | 350g,5.50,,,$5.50,,Coles
potatoes,Coles Organic Potatoes Brushed | 2Kg,11.50,,,$11.50,,Coles
brown onions,Coles Loose Brown Onions | approx. 200g,0.78,,,$0.78,,Coles
brown onions,Coles Brown Onions | 1kg,3.60,,,$3.60,,Coles
brown onions,Coles Brown Onion Shallots Loose | approx. 35g,0.46,,,$0.46,,Coles
brown onions,Fehlbergs Brown Pickled Onions | 500g,4.00,,,$4.00,,Coles
brown onions,Blue Banner Pickled Onions Brown Chilli | 525g,5.95,,,"$5.95
Save $1.05",,Coles
brown onions,Blue Banner Pickled Onions | 525g,5.95,,,"$5.95
Save $1.05",,Coles
brown onions,Three Threes Old Style Pickled Onions | 500g,5.25,,,$5.25,,Coles
brown onions,Coles Organic Brown Onions | 1Kg,6.90,,,$6.90,,Coles
brown onions,Gravox Brown Onion Gravy | 165g,3.50,,,$3.50,,Coles
brown onions,Gravox Brown Onion Gravy Mix Tin | 120g,4.00,,,"$4.00
Save $1.00",,Coles
